"Bye, Jason!"
"Hi, Jason!"
"Hello, World!"
"Bye, Jason!"
"Hi, Jason!"
"Hello, World!"
"Bye, Jason!"
"Hi, Jason!"
"Hello, World!"
"Bye, Jason!"
"Hi, Jason!"
"Hello, World!"
"Bye, Jason!"
"Hi, Jason!"
"Hello, World!"
"Bye, Jason!"
"Hi, Jason!"
"Hello, World!"
"Bye, Jason!"
"Hi, Jason!"
"Hello, World!"
"Bye, Jason!"
"Hi, Jason!"
"Hello, World!"
"Bye, Jason!"
"Hi, Jason!"
"Hello, World!"
"Bye, Jason!"
"Hi, Jason!"
"Hello, World!"
"Bye, Jason!"
"Hi, Jason!"
"Hello, World!"
"Bye, Jason!"
"Hi, Jason!"
"Hello, World!"
"Bye, Jason!"
"Hi, Jason!"
"Hello, World!"
"Bye, Jason!"
"Hi, Jason!"
"Hello, World!"
"Bye, Jason!"
"Hi, Jason!"
"Hello, World!"
"Bye, Jason!"
"Hi, Jason!"
"Hello, World!"
"Bye, Jason!"
"Hi, Jason!"
"Hello, World!"
"Bye, Jason!"
"Hi, Jason!"
"Hello, World!"
"Bye, Jason!"
"Hi, Jason!"
"Hello, World!"
"Bye, Jason!"
"Hi, Jason!"
"Hello, World!"
"Bye, Jason!"
"Hi, Jason!"
"Hello, World!"
"Bye, Jason!"
"Hi, Jason!"
"Hello, World!"
"Bye, Jason!"
"Bye, Jason!"
"Hi, Jason!"
"Hello, World!"
"Bye, Jason!"
"Hi, Jason!"
"Hello, World!"
"Bye, Jason!"
"Hi, Jason!"
"Hello, World!"
"Bye, Jason!"
"Hi, Jason!"
"Hello, World!"
"Bye, Jason!"
"Hi, Jason!"
"Hello, World!"
"Bye, Jason!"
"Hi, Jason!"
"Hello, World!"
"Bye, Jason!"
"Hi, Jason!"
"Hello, World!"
"Bye, Jason!"
"Hi, Jason!"
"Hello, World!"
"Bye, Jason!"
"Hi, Jason!"
"Hello, World!"
"Bye, Jason!"
"Hi, Jason!"
"Hello, World!"
"Bye, Jason!"
"Hi, Jason!"
"Hello, World!"
"Bye, Jason!"
"Hi, Jason!"
"Hello, World!"
"Bye, Jason!"
"Hi, Jason!"
"Hello, World!"
"Bye, Jason!"
"Hi, Jason!"
"Hello, World!"
"Bye, Jason!"
"Hi, Jason!"
"Hello, World!"
"Bye, Jason!"
"Hi, Jason!"
"Hello, World!"
"Bye, Jason!"
